"Id","Status","Reason","Loc"
"01-00-99-001","MATCH-NORMALIZED","","index.html:5"
"01-00-99-002","MATCH-EXACT","","index.html:16"
"01-00-99-003","MATCH-NORMALIZED","","index.html:17"
"01-00-99-004","MATCH-NORMALIZED","","unit-js/25-report.js:69"
"01-01-00-001","MATCH-NORMALIZED","","index.html:25"
"01-01-00-002","MATCH-NORMALIZED","","index.html:26"
"01-01-00-003","MATCH-NORMALIZED","","index.html:31"
"01-01-00-004","MATCH-NORMALIZED","","index.html:38"
"01-01-00-005","MATCH-NORMALIZED","","index.html:48-50"
"01-01-01-001","MATCH-NORMALIZED","","index.html:73-74"
"01-01-01-002","MATCH-NORMALIZED","","index.html:78"
"01-01-01-003","MATCH-NORMALIZED","","index.html:79"
"01-01-01-004","MATCH-NORMALIZED","","index.html:87"
"01-01-01-005","MATCH-NORMALIZED","","index.html:93"
"01-01-01-006","MATCH-NORMALIZED","","index.html:99"
"01-01-01-007","MATCH-NORMALIZED","","index.html:105"
"01-01-01-008","MATCH-EXACT","","index.html:113"
"01-01-01-009","MATCH-EXACT","","index.html:116"
"01-01-01-010","MATCH-EXACT","","index.html:119"
"01-01-01-011","MATCH-NORMALIZED","","index.html:122"
"01-01-01-012","MATCH-NORMALIZED","","index.html:123"
"01-01-01-013","MATCH-EXACT","","index.html:133"
"01-01-01-014","MATCH-NORMALIZED","","index.html:136"
"01-01-01-015","MATCH-NORMALIZED","","index.html:137"
"01-01-01-016","MATCH-NORMALIZED","","index.html:149"
"01-01-01-017","MATCH-NORMALIZED","","index.html:150"
"01-01-01-018","MATCH-NORMALIZED","","index.html:155"
"01-01-01-019","MATCH-NORMALIZED","","index.html:156"
"01-01-01-020","MATCH-NORMALIZED","","index.html:160"
"01-01-01-021","MATCH-NORMALIZED","","index.html:161"
"01-01-01-022","SKIP","consolidated multi-location (reused string) — spot-checked manually, not auto-verified","script.js:199, 201"
"01-01-01-023","MATCH-NORMALIZED","","script.js:201"
"01-01-02-001","MATCH-NORMALIZED","","index.html:170"
"01-01-02-002","MATCH-NORMALIZED","","index.html:171"
"01-01-02-003","MATCH-NORMALIZED","","index.html:173"
"01-01-02-004","MATCH-NORMALIZED","","index.html:179"
"01-01-02-005","MATCH-NORMALIZED","","index.html:187"
"01-01-02-006","MATCH-NORMALIZED","","index.html:194"
"01-01-02-007","MATCH-NORMALIZED","","index.html:197"
"01-01-02-008","MATCH-NORMALIZED","","index.html:206"
"01-01-02-009","MATCH-EXACT","","index.html:208"
"01-01-02-010","MATCH-NORMALIZED","","script.js:266"
"01-01-03-001","MATCH-NORMALIZED","","index.html:224"
"01-01-03-002","MATCH-NORMALIZED","","index.html:226"
"01-01-03-003","MATCH-NORMALIZED","","index.html:227"
"01-01-03-004","MATCH-NORMALIZED","","index.html:228"
"01-01-03-005","MATCH-NORMALIZED","","index.html:231"
"01-01-03-006","MATCH-NORMALIZED","","index.html:235"
"01-01-03-007","MATCH-NORMALIZED","","index.html:240"
"01-01-03-008","MATCH-NORMALIZED","","index.html:247"
"01-01-03-009","MATCH-NORMALIZED","","index.html:249"
"01-01-03-010","MATCH-NORMALIZED","","index.html:257"
"01-01-03-011","MATCH-NORMALIZED","","index.html:262"
"01-01-03-012","MATCH-NORMALIZED","","index.html:269"
"01-01-03-013","MATCH-NORMALIZED","","index.html:271"
"01-01-03-014","MATCH-NORMALIZED","","index.html:279"
"01-01-03-015","MATCH-NORMALIZED","","index.html:284"
"01-01-03-016","MATCH-NORMALIZED","","index.html:291"
"01-01-03-017","MATCH-NORMALIZED","","index.html:293"
"01-01-03-018","MATCH-NORMALIZED","","index.html:309"
"01-01-03-019","MATCH-NORMALIZED","","index.html:311-312"
"01-01-03-020","MATCH-NORMALIZED","","index.html:315"
"01-01-03-021","MATCH-NORMALIZED","","index.html:316"
"01-01-03-022","MATCH-NORMALIZED","","index.html:318"
"01-01-03-023","MATCH-NORMALIZED","","index.html:320"
"01-01-03-024","MATCH-NORMALIZED","","index.html:322"
"01-01-03-025","MATCH-EXACT","","index.html:326"
"01-01-03-026","MATCH-NORMALIZED","","index.html:331"
"01-01-03-027","MATCH-NORMALIZED","","index.html:338"
"01-01-03-028","MATCH-NORMALIZED","","index.html:339"
"01-01-03-029","MATCH-NORMALIZED","","index.html:349"
"01-01-03-030","MATCH-NORMALIZED","","index.html:350"
"01-01-03-031","MATCH-NORMALIZED","","index.html:351"
"01-01-03-032","MATCH-NORMALIZED","","index.html:352"
"01-01-03-033","MATCH-NORMALIZED","","index.html:353"
"01-01-03-034","MATCH-NORMALIZED","","index.html:355"
"01-01-03-035","MATCH-NORMALIZED","","index.html:356"
"01-01-03-036","MATCH-NORMALIZED","","index.html:357"
"01-01-03-037","MATCH-NORMALIZED","","index.html:358"
"01-01-03-038","MATCH-NORMALIZED","","index.html:363"
"01-01-03-039","MATCH-NORMALIZED","","index.html:366"
"01-01-03-040","MATCH-NORMALIZED","","index.html:379"
"01-01-03-041","MATCH-NORMALIZED","","index.html:382"
"01-01-03-042","MATCH-NORMALIZED","","index.html:395"
"01-01-03-043","MATCH-NORMALIZED","","index.html:398"
"01-01-03-044","MATCH-NORMALIZED","","index.html:411"
"01-01-03-045","MATCH-NORMALIZED","","index.html:414"
"01-01-03-046","MATCH-NORMALIZED","","index.html:427"
"01-01-03-047","MATCH-NORMALIZED","","index.html:430-431"
"01-01-03-048","MATCH-NORMALIZED","","index.html:435"
"01-01-03-049","MATCH-NORMALIZED","","index.html:447"
"01-01-03-050","MATCH-NORMALIZED","","index.html:448"
"01-01-03-051","MATCH-NORMALIZED","","index.html:452"
"01-01-03-052","MATCH-NORMALIZED","","index.html:453"
"01-01-03-053","MATCH-NORMALIZED","","index.html:456-457"
"01-01-03-054","MATCH-NORMALIZED","","index.html:460-461"
"01-01-03-055","MATCH-EXACT","","index.html:464"
"01-01-04-001","MATCH-NORMALIZED","","index.html:483"
"01-01-04-002","MATCH-NORMALIZED","","index.html:484"
"01-01-04-003","SKIP","structural placeholder unit, not real content","index.html:507-637"
"01-01-04-004","MATCH-NORMALIZED","","index.html:646"
"01-01-04-005","MATCH-NORMALIZED","","index.html:647"
"01-01-04-006","MATCH-NORMALIZED","","index.html:651"
"01-01-04-007","MATCH-NORMALIZED","","index.html:652"
"01-01-04-008","MATCH-NORMALIZED","","index.html:656"
"01-01-04-009","MATCH-NORMALIZED","","index.html:657"
"01-01-04-010","MATCH-NORMALIZED","","index.html:660-661"
"01-01-04-011","MATCH-NORMALIZED","","index.html:664-665"
"01-01-04-012","MATCH-EXACT","","index.html:668"
"01-01-04-013","MATCH-NORMALIZED","","script.js:56"
"01-01-04-014","SKIP","runtime-concatenated value placeholder — the JS source builds this string with a variable/method-call in the middle at runtime, so it can never literally match static source text; manually verified against source in the transcript","script.js:66"
"01-01-06-001","MATCH-NORMALIZED","","index.html:679"
"01-01-06-002","MATCH-NORMALIZED","","index.html:680"
"01-01-06-003","MATCH-NORMALIZED","","index.html:682"
"01-01-06-004","MATCH-NORMALIZED","","index.html:689"
"01-01-06-005","MATCH-NORMALIZED","","index.html:690"
"01-01-07-001","MATCH-NORMALIZED","","index.html:700"
"01-01-07-002","MATCH-NORMALIZED","","index.html:701"
"01-01-07-003","MATCH-NORMALIZED","","index.html:709-710"
"01-01-07-004","MATCH-NORMALIZED","","index.html:714"
"01-01-07-005","MATCH-NORMALIZED","","index.html:717"
"01-01-07-006","MATCH-NORMALIZED","","index.html:719"
"01-01-07-007","MATCH-NORMALIZED","","index.html:720"
"01-01-07-008","MATCH-NORMALIZED","","index.html:721"
"01-01-07-009","MATCH-NORMALIZED","","index.html:729"
"01-01-07-010","MATCH-NORMALIZED","","index.html:730"
"01-01-07-011","MATCH-NORMALIZED","","index.html:738"
"01-01-07-012","MATCH-NORMALIZED","","index.html:739"
"01-01-08-001","MATCH-NORMALIZED","","index.html:749"
"01-01-08-002","MATCH-NORMALIZED","","index.html:750"
"01-01-08-003","MATCH-NORMALIZED","","index.html:760-761"
"01-01-08-004","SKIP","consolidated multi-location (reused string) — spot-checked manually, not auto-verified","index.html:768, 770-772"
"01-01-08-005","MATCH-NORMALIZED","","index.html:781"
"01-01-08-006","MATCH-NORMALIZED","","index.html:782"
"01-01-08-007","MATCH-NORMALIZED","","index.html:785"
"01-01-08-008","MATCH-EXACT","","index.html:790"
"01-01-08-009","MATCH-NORMALIZED","","index.html:802"
"01-01-08-010","MATCH-NORMALIZED","","index.html:803"
"01-01-09-001","MATCH-NORMALIZED","","index.html:845"
"01-01-09-002","MATCH-NORMALIZED","","index.html:846"
"01-01-09-003","MATCH-NORMALIZED","","index.html:849"
"01-01-09-004","MATCH-EXACT","","index.html:854"
"01-01-09-005","MATCH-NORMALIZED","","index.html:866"
"01-01-09-006","MATCH-NORMALIZED","","index.html:867"
"01-01-10-001","MATCH-NORMALIZED","","index.html:909"
"01-01-10-002","MATCH-NORMALIZED","","index.html:910"
"01-01-10-003","MATCH-EXACT","","index.html:917"
"01-01-10-004","MATCH-NORMALIZED","","index.html:919"
"01-01-10-005","MATCH-NORMALIZED","","index.html:930"
"01-01-10-006","MATCH-NORMALIZED","","index.html:931"
"01-01-11-001","MATCH-NORMALIZED","","index.html:964"
"01-01-11-002","MATCH-NORMALIZED","","index.html:973"
"01-01-11-003","MATCH-NORMALIZED","","index.html:974"
"01-01-11-004","MATCH-NORMALIZED","","index.html:975"
"01-01-11-005","MATCH-NORMALIZED","","index.html:986"
"01-01-11-006","MATCH-NORMALIZED","","index.html:987"
"01-01-12-001","MATCH-NORMALIZED","","index.html:1014"
"01-01-12-002","MATCH-NORMALIZED","","index.html:1016"
"01-01-12-003","MATCH-NORMALIZED","","index.html:1024"
"01-01-12-004","MATCH-NORMALIZED","","index.html:1025"
"01-01-12-005","MATCH-NORMALIZED","","index.html:1033"
"01-01-12-006","MATCH-NORMALIZED","","index.html:1034"
"01-01-14-001","MATCH-NORMALIZED","","index.html:1074"
"01-01-14-002","MATCH-NORMALIZED","","index.html:1075"
"01-01-14-003","MATCH-NORMALIZED","","index.html:1086"
"01-01-14-004","MATCH-NORMALIZED","","index.html:1087"
"01-01-15-001","MATCH-NORMALIZED","","index.html:1097"
"01-01-15-002","MATCH-NORMALIZED","","index.html:1098"
"01-01-15-003","MATCH-NORMALIZED","","index.html:1100"
"01-01-15-004","MATCH-NORMALIZED","","index.html:1107"
"01-01-15-005","MATCH-NORMALIZED","","index.html:1108"
"01-01-16-001","MATCH-EXACT","","index.html:1124"
"01-01-16-002","MATCH-NORMALIZED","","index.html:1126"
"01-01-16-003","MATCH-NORMALIZED","","index.html:1128"
"01-01-16-004","MATCH-NORMALIZED","","index.html:1130"
"01-01-16-005","MATCH-NORMALIZED","","index.html:1133"
"01-01-16-006","MATCH-NORMALIZED","","index.html:1135"
"01-01-16-007","MATCH-NORMALIZED","","index.html:1140"
"01-01-16-008","MATCH-NORMALIZED","","index.html:1154"
"01-01-16-009","MATCH-NORMALIZED","","index.html:1155"
"01-01-16-010","MATCH-NORMALIZED","","index.html:1162"
"01-01-16-011","MATCH-NORMALIZED","","index.html:1164"
"01-01-16-012","MATCH-NORMALIZED","","index.html:1165"
"01-01-16-013","MATCH-NORMALIZED","","index.html:1172"
"01-01-16-014","MATCH-EXACT","","index.html:1185"
"01-01-16-015","MATCH-NORMALIZED","","index.html:1187"
"01-01-16-016","MATCH-NORMALIZED","","script.js:1724"
"01-01-16-017","MATCH-NORMALIZED","","script.js:1724"
"01-01-16-018","MATCH-NORMALIZED","","script.js:1801"
"01-01-16-019","SKIP","consolidated multi-location (reused string) — spot-checked manually, not auto-verified","script.js:1726, 1802 (mirrored again at script.js:2441 as S16_RESTORE_EXPLANATION)"
"01-01-17-001","MATCH-NORMALIZED","","index.html:1198"
"01-01-17-002","MATCH-NORMALIZED","","index.html:1199"
"01-01-17-003","MATCH-NORMALIZED","","index.html:1200"
"01-01-17-004","MATCH-NORMALIZED","","index.html:1203"
"01-01-17-005","MATCH-NORMALIZED","","index.html:1211"
"01-01-17-006","MATCH-NORMALIZED","","index.html:1212"
"01-01-18-001","MATCH-NORMALIZED","","index.html:1222"
"01-01-18-002","MATCH-NORMALIZED","","index.html:1231"
"01-01-18-003","MATCH-NORMALIZED","","index.html:1233"
"01-01-18-004","MATCH-NORMALIZED","","index.html:1235"
"01-01-18-005","MATCH-NORMALIZED","","index.html:1237"
"01-01-18-006","MATCH-NORMALIZED","","index.html:1239"
"01-01-18-007","MATCH-NORMALIZED","","index.html:1250-1253"
"01-01-18-008","MATCH-NORMALIZED","","index.html:1257"
"01-01-18-009","MATCH-NORMALIZED","","index.html:1264"
"01-01-18-010","MATCH-NORMALIZED","","index.html:1265"
"01-01-18-011","MATCH-NORMALIZED","","index.html:1274"
"01-01-18-012","MATCH-NORMALIZED","","index.html:1278"
"01-01-18-013","MATCH-NORMALIZED","","index.html:1279"
"01-01-18-014","MATCH-NORMALIZED","","index.html:1286"
"01-01-18-015","MATCH-NORMALIZED","","index.html:1288"
"01-01-18-016","MATCH-NORMALIZED","","index.html:1289"
"01-01-18-017","MATCH-NORMALIZED","","index.html:1295"
"01-01-18-018","MATCH-NORMALIZED","","index.html:1306"
"01-01-18-019","MATCH-EXACT","","index.html:1319"
"01-01-18-020","MATCH-NORMALIZED","","index.html:1321"
"01-01-18-021","SKIP","consolidated multi-location (reused string) — spot-checked manually, not auto-verified","script.js:1271, 1278"
"01-01-18-022","SKIP","consolidated multi-location (reused string) — spot-checked manually, not auto-verified","script.js:1280, 1284 (identical string reused across all 5 quiz screens: 1391/1396, 1486/1488, 1568/1571, 1687/1692, 2121/2126)"
"01-01-18-023","SKIP","consolidated multi-location (reused string) — spot-checked manually, not auto-verified","script.js:1289, 1296"
"01-01-18-024","SKIP","consolidated multi-location (reused string) — spot-checked manually, not auto-verified","script.js:1276, 1294 (identical relabel reused across all 5 quiz screens: 1387/1405, 1482/1494, 1565/1575, 1683/1706, 2117/2140)"
"01-01-18-025","SKIP","consolidated multi-location (reused string) — spot-checked manually, not auto-verified","script.js:1259-1262, mirrored at script.js:2442-2445 as S18_RESTORE_EXPLANATION"
"01-01-19-001","MATCH-NORMALIZED","","index.html:1332"
"01-01-19-002","MATCH-NORMALIZED","","index.html:1341"
"01-01-19-003","MATCH-NORMALIZED","","index.html:1343"
"01-01-19-004","MATCH-NORMALIZED","","index.html:1345"
"01-01-19-005","MATCH-NORMALIZED","","index.html:1347"
"01-01-19-006","MATCH-NORMALIZED","","index.html:1349"
"01-01-19-007","MATCH-NORMALIZED","","index.html:1360-1364"
"01-01-19-008","MATCH-NORMALIZED","","index.html:1368"
"01-01-19-009","MATCH-NORMALIZED","","index.html:1370"
"01-01-19-010","MATCH-NORMALIZED","","index.html:1376"
"01-01-19-011","MATCH-NORMALIZED","","index.html:1377"
"01-01-19-012","MATCH-NORMALIZED","","index.html:1388"
"01-01-19-013","MATCH-NORMALIZED","","index.html:1398"
"01-01-19-014","MATCH-NORMALIZED","","index.html:1400"
"01-01-19-015","MATCH-NORMALIZED","","index.html:1401"
"01-01-19-016","MATCH-NORMALIZED","","index.html:1409"
"01-01-19-017","MATCH-EXACT","","index.html:1422"
"01-01-19-018","MATCH-NORMALIZED","","index.html:1424"
"01-01-19-019","SKIP","consolidated multi-location (reused string) — spot-checked manually, not auto-verified","script.js:1382, 1389"
"01-01-19-020","SKIP","consolidated multi-location (reused string) — spot-checked manually, not auto-verified","script.js:1391, 1396"
"01-01-19-021","SKIP","consolidated multi-location (reused string) — spot-checked manually, not auto-verified","script.js:1400, 1407"
"01-01-19-022","SKIP","consolidated multi-location (reused string) — spot-checked manually, not auto-verified","script.js:1371-1374, mirrored at script.js:2446-2447 as S19_RESTORE_EXPLANATION"
"01-01-20-001","MATCH-NORMALIZED","","index.html:1435"
"01-01-20-002","MATCH-NORMALIZED","","index.html:1444"
"01-01-20-003","MATCH-NORMALIZED","","index.html:1446"
"01-01-20-004","MATCH-NORMALIZED","","index.html:1448"
"01-01-20-005","MATCH-NORMALIZED","","index.html:1450"
"01-01-20-006","MATCH-NORMALIZED","","index.html:1452"
"01-01-20-007","MATCH-NORMALIZED","","index.html:1463-1467"
"01-01-20-008","MATCH-NORMALIZED","","index.html:1470"
"01-01-20-009","MATCH-NORMALIZED","","index.html:1473"
"01-01-20-010","MATCH-NORMALIZED","","index.html:1477"
"01-01-20-011","MATCH-NORMALIZED","","index.html:1481"
"01-01-20-012","MATCH-NORMALIZED","","index.html:1485"
"01-01-20-013","MATCH-NORMALIZED","","index.html:1492"
"01-01-20-014","MATCH-NORMALIZED","","index.html:1493"
"01-01-20-015","MATCH-NORMALIZED","","index.html:1504"
"01-01-20-016","MATCH-NORMALIZED","","index.html:1514"
"01-01-20-017","MATCH-NORMALIZED","","index.html:1516"
"01-01-20-018","MATCH-NORMALIZED","","index.html:1517"
"01-01-20-019","MATCH-NORMALIZED","","index.html:1525"
"01-01-20-020","MATCH-EXACT","","index.html:1538"
"01-01-20-021","MATCH-NORMALIZED","","index.html:1540"
"01-01-20-022","SKIP","consolidated multi-location (reused string) — spot-checked manually, not auto-verified","script.js:1481, 1483"
"01-01-20-023","SKIP","consolidated multi-location (reused string) — spot-checked manually, not auto-verified","script.js:1486, 1488"
"01-01-20-024","SKIP","consolidated multi-location (reused string) — spot-checked manually, not auto-verified","script.js:1492, 1494"
"01-01-20-025","SKIP","consolidated multi-location (reused string) — spot-checked manually, not auto-verified","script.js:1473-1474, mirrored at script.js:2448-2449 as S20_RESTORE_EXPLANATION"
"01-01-21-001","MATCH-NORMALIZED","","index.html:1551"
"01-01-21-002","MATCH-NORMALIZED","","index.html:1560"
"01-01-21-003","MATCH-NORMALIZED","","index.html:1562"
"01-01-21-004","MATCH-NORMALIZED","","index.html:1564"
"01-01-21-005","MATCH-NORMALIZED","","index.html:1566"
"01-01-21-006","MATCH-NORMALIZED","","index.html:1568"
"01-01-21-007","MATCH-NORMALIZED","","index.html:1579-1581"
"01-01-21-008","MATCH-NORMALIZED","","index.html:1585"
"01-01-21-009","MATCH-NORMALIZED","","index.html:1592"
"01-01-21-010","MATCH-NORMALIZED","","index.html:1593"
"01-01-21-011","MATCH-NORMALIZED","","index.html:1604"
"01-01-21-012","MATCH-NORMALIZED","","index.html:1614"
"01-01-21-013","MATCH-NORMALIZED","","index.html:1616"
"01-01-21-014","MATCH-NORMALIZED","","index.html:1617"
"01-01-21-015","MATCH-NORMALIZED","","index.html:1622"
"01-01-21-016","MATCH-NORMALIZED","","index.html:1623"
"01-01-21-017","MATCH-NORMALIZED","","index.html:1631"
"01-01-21-018","MATCH-EXACT","","index.html:1644"
"01-01-21-019","MATCH-NORMALIZED","","index.html:1646"
"01-01-21-020","SKIP","consolidated multi-location (reused string) — spot-checked manually, not auto-verified","script.js:1568, 1571"
"01-01-21-021","SKIP","consolidated multi-location (reused string) — spot-checked manually, not auto-verified","script.js:1574, 1576"
"01-01-21-022","SKIP","consolidated multi-location (reused string) — spot-checked manually, not auto-verified","script.js:1558-1560, mirrored at script.js:2450-2452 as S21_RESTORE_EXPLANATION"
"01-01-22-001","MATCH-NORMALIZED","","index.html:1657"
"01-01-22-002","MATCH-NORMALIZED","","index.html:1666"
"01-01-22-003","MATCH-NORMALIZED","","index.html:1668"
"01-01-22-004","MATCH-NORMALIZED","","index.html:1670"
"01-01-22-005","MATCH-NORMALIZED","","index.html:1672"
"01-01-22-006","MATCH-NORMALIZED","","index.html:1674"
"01-01-22-007","SKIP","sentence is interrupted mid-line by an inline info-icon widget (button+svg+tooltip-panel) in the raw file, breaking substring contiguity — manually verified against source in the transcript","index.html:1685-1698"
"01-01-22-008","MATCH-NORMALIZED","","index.html:1687"
"01-01-22-009","MATCH-NORMALIZED","","index.html:1693 (#s22-help-tooltip)"
"01-01-22-010","MATCH-NORMALIZED","","index.html:1701"
"01-01-22-011","MATCH-NORMALIZED","","index.html:1704"
"01-01-22-012","MATCH-NORMALIZED","","index.html:1708"
"01-01-22-013","MATCH-NORMALIZED","","index.html:1712"
"01-01-22-014","MATCH-NORMALIZED","","index.html:1716"
"01-01-22-015","MATCH-NORMALIZED","","index.html:1723"
"01-01-22-016","MATCH-NORMALIZED","","index.html:1724"
"01-01-22-017","MATCH-NORMALIZED","","index.html:1735"
"01-01-22-018","MATCH-NORMALIZED","","index.html:1745"
"01-01-22-019","MATCH-NORMALIZED","","index.html:1747"
"01-01-22-020","MATCH-NORMALIZED","","index.html:1748"
"01-01-22-021","MATCH-NORMALIZED","","index.html:1756"
"01-01-22-022","MATCH-EXACT","","index.html:1769"
"01-01-22-023","MATCH-NORMALIZED","","index.html:1771"
"01-01-22-024","SKIP","consolidated multi-location (reused string) — spot-checked manually, not auto-verified","script.js:1679, 1685"
"01-01-22-025","SKIP","consolidated multi-location (reused string) — spot-checked manually, not auto-verified","script.js:1687, 1692"
"01-01-22-026","SKIP","consolidated multi-location (reused string) — spot-checked manually, not auto-verified","script.js:1702, 1708"
"01-01-22-027","SKIP","consolidated multi-location (reused string) — spot-checked manually, not auto-verified","script.js:1665-1666, mirrored at script.js:2453-2454 as S22_RESTORE_EXPLANATION"
"01-01-23-001","MATCH-NORMALIZED","","index.html:1782"
"01-01-23-002","MATCH-NORMALIZED","","index.html:1791"
"01-01-23-003","MATCH-NORMALIZED","","index.html:1793"
"01-01-23-004","MATCH-NORMALIZED","","index.html:1795"
"01-01-23-005","MATCH-NORMALIZED","","index.html:1797"
"01-01-23-006","MATCH-NORMALIZED","","index.html:1799"
"01-01-23-007","MATCH-NORMALIZED","","index.html:1807-1810"
"01-01-23-008","MATCH-NORMALIZED","","index.html:1813"
"01-01-23-009","MATCH-NORMALIZED","","index.html:1816"
"01-01-23-010","MATCH-NORMALIZED","","index.html:1820"
"01-01-23-011","MATCH-NORMALIZED","","index.html:1824"
"01-01-23-012","MATCH-NORMALIZED","","index.html:1833"
"01-01-23-013","MATCH-NORMALIZED","","index.html:1843"
"01-01-23-014","MATCH-NORMALIZED","","index.html:1845"
"01-01-23-015","MATCH-NORMALIZED","","index.html:1846"
"01-01-23-016","MATCH-NORMALIZED","","index.html:1854"
"01-01-23-017","MATCH-EXACT","","index.html:1867"
"01-01-23-018","MATCH-NORMALIZED","","index.html:1869"
"01-01-23-019","SKIP","consolidated multi-location (reused string) — spot-checked manually, not auto-verified","script.js:2113, 2119"
"01-01-23-020","SKIP","consolidated multi-location (reused string) — spot-checked manually, not auto-verified","script.js:2121, 2126"
"01-01-23-021","SKIP","consolidated multi-location (reused string) — spot-checked manually, not auto-verified","script.js:2136, 2142"
"01-01-23-022","SKIP","consolidated multi-location (reused string) — spot-checked manually, not auto-verified","script.js:2100-2101, mirrored at script.js:2455-2456 as S23_RESTORE_EXPLANATION"
"01-01-99-001","MATCH-NORMALIZED","","index.html:6"
"01-01-99-002","SKIP","consolidated multi-location (reused string) — spot-checked manually, not auto-verified","index.html:15 (aria-label + title), index.html:20 (visible span)"
"01-01-99-003","MATCH-NORMALIZED","","index.html:1886"
"01-01-99-004","MATCH-NORMALIZED","","index.html:1887"
"01-01-99-005","MATCH-NORMALIZED","","index.html:1888"
"01-01-99-006","MATCH-NORMALIZED","","index.html:1891"
"01-01-99-007","MATCH-NORMALIZED","","index.html:1894"
"01-01-99-008","MATCH-NORMALIZED","","index.html:1897"
"01-01-99-009","MATCH-NORMALIZED","","index.html:1898"
"01-01-99-010","MATCH-NORMALIZED","","index.html:1899"
"01-01-99-011","MATCH-NORMALIZED","","index.html:1903"
"01-01-99-012","MATCH-NORMALIZED","","index.html:1907"
"01-01-99-013","MATCH-NORMALIZED","","index.html:1908"
"01-01-99-014","MATCH-NORMALIZED","","index.html:1913"
"01-01-99-015","MATCH-NORMALIZED","","index.html:1914"
"01-01-99-016","MATCH-NORMALIZED","","index.html:1929"
"01-01-99-017","MATCH-NORMALIZED","","index.html:1930"
"01-01-99-018","MATCH-NORMALIZED","","index.html:1932"
"01-01-99-019","MATCH-NORMALIZED","","index.html:1944"
"01-01-99-020","MATCH-NORMALIZED","","index.html:1945"
"01-01-99-021","MATCH-NORMALIZED","","index.html:1947"
"01-01-99-022","MATCH-NORMALIZED","","index.html:1948"
"01-01-99-023","MATCH-NORMALIZED","","index.html:1957"
"01-01-99-024","SKIP","consolidated multi-location (reused string) — spot-checked manually, not auto-verified","index.html:1958 (identical on all 7 zoom modals: 1958,1974,1990,2006,2022,2038,2054)"
"01-01-99-025","MATCH-NORMALIZED","","index.html:1973"
"01-01-99-026","MATCH-NORMALIZED","","index.html:1989"
"01-01-99-027","MATCH-NORMALIZED","","index.html:2005"
"01-01-99-028","MATCH-NORMALIZED","","index.html:2021"
"01-01-99-029","MATCH-NORMALIZED","","index.html:2037"
"01-01-99-030","MATCH-NORMALIZED","","index.html:2053"
"01-01-99-031","MATCH-NORMALIZED","","script.js:546-770 (s5Enter/s5Select/s5Submit/s5CheckBothDone/s5Q2Toggle/s5Q2Select/s5Q2Submit)"
"01-01-99-032","SKIP","dead/unreachable code block — line ranges approximate per agent report","script.js:546-770"
"01-01-99-033","SKIP","dead/unreachable code block — line ranges approximate per agent report","script.js:546-770"
"01-01-99-034","SKIP","dead/unreachable code block — line ranges approximate per agent report","script.js:546-770"
"01-01-99-035","MATCH-NORMALIZED","","script.js:1937-1965 (s13Enter/s13Answer)"
"01-02-00-001","MATCH-NORMALIZED","","index.html:28"
"01-02-00-002","MATCH-NORMALIZED","","index.html:29"
"01-02-00-003","MATCH-NORMALIZED","","index.html:30"
"01-02-00-004","MATCH-NORMALIZED","","index.html:33"
"01-02-00-005","MATCH-NORMALIZED","","index.html:39"
"01-02-00-006","MATCH-NORMALIZED","","index.html:40"
"01-02-01-001","MATCH-NORMALIZED","","index.html:51"
"01-02-01-002","MATCH-NORMALIZED","","index.html:56"
"01-02-01-003","MATCH-NORMALIZED","","index.html:61"
"01-02-01-004","MATCH-NORMALIZED","","index.html:66"
"01-02-01-005","MATCH-NORMALIZED","","index.html:80-85"
"01-02-01-006","MATCH-NORMALIZED","","index.html:145"
"01-02-01-007","MATCH-NORMALIZED","","index.html:146"
"01-02-01-008","MATCH-NORMALIZED","","index.html:158"
"01-02-01-009","MATCH-NORMALIZED","","index.html:168"
"01-02-01-010","MATCH-NORMALIZED","","index.html:170"
"01-02-01-011","MATCH-NORMALIZED","","index.html:171"
"01-02-01-012","MATCH-NORMALIZED","","index.html:177"
"01-02-01-013","MATCH-EXACT","","index.html:190"
"01-02-01-014","MATCH-NORMALIZED","","index.html:192"
"01-02-01-015","MATCH-NORMALIZED","","script.js:155 (announce() at :161)"
"01-02-01-016","SKIP","consolidated multi-location (reused string) — spot-checked manually, not auto-verified","script.js:175 (announce() at :179; identical string reused at 345/349, 529, 647/651, 815/819, 959/965, 1131/1136 and restore-mirrors 1445/1547)"
"01-02-01-017","MATCH-NORMALIZED","","script.js:198 (announce() at :199)"
"01-02-01-018","SKIP","consolidated multi-location (reused string) — spot-checked manually, not auto-verified","script.js:159 (identical relabel reused at 203, 328, 371, 517, 543, 643, 660, 798, 843, 951, 976, 1126, 1150 and restore-mirrors 1438, 1540)"
"01-02-01-019","MATCH-NORMALIZED","","script.js:138-139 (mirrored verbatim at script.js:1380-1381 as S26_RESTORE_EXPLANATION)"
"01-02-02-001","MATCH-NORMALIZED","","index.html:202"
"01-02-02-002","MATCH-NORMALIZED","","index.html:204"
"01-02-02-003","MATCH-NORMALIZED","","index.html:206"
"01-02-02-004","MATCH-NORMALIZED","","index.html:208"
"01-02-02-005","MATCH-NORMALIZED","","index.html:219-222"
"01-02-02-006","MATCH-NORMALIZED","","index.html:228"
"01-02-02-007","MATCH-NORMALIZED","","index.html:229"
"01-02-02-008","MATCH-NORMALIZED","","index.html:245"
"01-02-02-009","MATCH-NORMALIZED","","index.html:261"
"01-02-02-010","MATCH-NORMALIZED","","index.html:269"
"01-02-02-011","MATCH-NORMALIZED","","index.html:270"
"01-02-02-012","MATCH-NORMALIZED","","index.html:282"
"01-02-02-013","MATCH-NORMALIZED","","index.html:292"
"01-02-02-014","MATCH-NORMALIZED","","index.html:294"
"01-02-02-015","MATCH-NORMALIZED","","index.html:295"
"01-02-02-016","MATCH-NORMALIZED","","index.html:301"
"01-02-02-017","MATCH-EXACT","","index.html:314"
"01-02-02-018","MATCH-NORMALIZED","","index.html:316"
"01-02-02-019","MATCH-NORMALIZED","","script.js:324 (announce() at :331)"
"01-02-02-020","MATCH-NORMALIZED","","script.js:366 (announce() at :367)"
"01-02-02-021","MATCH-NORMALIZED","","script.js:297 (mirrored at script.js:1382 as S27_RESTORE_EXPLANATION)"
"01-02-03-001","MATCH-NORMALIZED","","index.html:326"
"01-02-03-002","MATCH-NORMALIZED","","index.html:328"
"01-02-03-003","MATCH-NORMALIZED","","index.html:330"
"01-02-03-004","MATCH-NORMALIZED","","index.html:332"
"01-02-03-005","MATCH-NORMALIZED","","index.html:343-346"
"01-02-03-006","MATCH-NORMALIZED","","index.html:348"
"01-02-03-007","MATCH-NORMALIZED","","index.html:351"
"01-02-03-008","MATCH-NORMALIZED","","index.html:355"
"01-02-03-009","MATCH-NORMALIZED","","index.html:359"
"01-02-03-010","MATCH-NORMALIZED","","index.html:363"
"01-02-03-011","MATCH-NORMALIZED","","index.html:371"
"01-02-03-012","MATCH-NORMALIZED","","index.html:372"
"01-02-03-013","MATCH-NORMALIZED","","index.html:384"
"01-02-03-014","MATCH-NORMALIZED","","index.html:394"
"01-02-03-015","MATCH-NORMALIZED","","index.html:396"
"01-02-03-016","MATCH-NORMALIZED","","index.html:397"
"01-02-03-017","MATCH-NORMALIZED","","index.html:403"
"01-02-03-018","MATCH-EXACT","","index.html:416"
"01-02-03-019","MATCH-NORMALIZED","","index.html:418"
"01-02-03-020","MATCH-NORMALIZED","","script.js:513 (announce() at :520)"
"01-02-03-021","MATCH-NORMALIZED","","script.js:499-501 (mirrored at script.js:1383-1385 as S28_RESTORE_EXPLANATION)"
"01-02-04-001","MATCH-NORMALIZED","","index.html:428"
"01-02-04-002","MATCH-NORMALIZED","","index.html:430"
"01-02-04-003","MATCH-NORMALIZED","","index.html:432"
"01-02-04-004","MATCH-NORMALIZED","","index.html:434"
"01-02-04-005","MATCH-NORMALIZED","","index.html:445-448"
"01-02-04-006","MATCH-NORMALIZED","","index.html:452"
"01-02-04-007","MATCH-NORMALIZED","","index.html:454"
"01-02-04-008","MATCH-NORMALIZED","","index.html:461"
"01-02-04-009","MATCH-NORMALIZED","","index.html:462"
"01-02-04-010","MATCH-NORMALIZED","","index.html:474"
"01-02-04-011","MATCH-NORMALIZED","","index.html:484"
"01-02-04-012","MATCH-NORMALIZED","","index.html:486"
"01-02-04-013","MATCH-NORMALIZED","","index.html:487"
"01-02-04-014","MATCH-NORMALIZED","","index.html:493"
"01-02-04-015","MATCH-EXACT","","index.html:506"
"01-02-04-016","MATCH-NORMALIZED","","index.html:508"
"01-02-04-017","MATCH-NORMALIZED","","script.js:639 (announce() at :645)"
"01-02-04-018","MATCH-NORMALIZED","","script.js:655 (announce() at :656)"
"01-02-04-019","MATCH-NORMALIZED","","script.js:629-631 (mirrored at script.js:1386-1388 as S29_RESTORE_EXPLANATION)"
"01-02-05-001","MATCH-NORMALIZED","","index.html:518"
"01-02-05-002","MATCH-NORMALIZED","","index.html:520"
"01-02-05-003","MATCH-NORMALIZED","","index.html:522"
"01-02-05-004","MATCH-NORMALIZED","","index.html:524"
"01-02-05-005","MATCH-NORMALIZED","","index.html:534-538"
"01-02-05-006","MATCH-NORMALIZED","","index.html:545"
"01-02-05-007","MATCH-NORMALIZED","","index.html:561"
"01-02-05-008","MATCH-NORMALIZED","","index.html:566"
"01-02-05-009","MATCH-NORMALIZED","","index.html:574"
"01-02-05-010","MATCH-NORMALIZED","","index.html:575"
"01-02-05-011","MATCH-NORMALIZED","","index.html:582"
"01-02-05-012","MATCH-NORMALIZED","","index.html:602"
"01-02-05-013","MATCH-NORMALIZED","","index.html:618"
"01-02-05-014","MATCH-NORMALIZED","","index.html:627"
"01-02-05-015","MATCH-NORMALIZED","","index.html:628"
"01-02-05-016","MATCH-NORMALIZED","","index.html:640"
"01-02-05-017","MATCH-NORMALIZED","","index.html:650"
"01-02-05-018","MATCH-NORMALIZED","","index.html:652"
"01-02-05-019","MATCH-NORMALIZED","","index.html:653"
"01-02-05-020","MATCH-NORMALIZED","","index.html:659"
"01-02-05-021","MATCH-EXACT","","index.html:672"
"01-02-05-022","MATCH-NORMALIZED","","index.html:674"
"01-02-05-023","MATCH-NORMALIZED","","script.js:794 (announce() at :801)"
"01-02-05-024","MATCH-NORMALIZED","","script.js:838 (announce() at :839)"
"01-02-05-025","MATCH-NORMALIZED","","script.js:775-778 (mirrored at script.js:1389-1392 as S30_RESTORE_EXPLANATION)"
"01-02-06-001","MATCH-NORMALIZED","","index.html:685"
"01-02-06-002","MATCH-NORMALIZED","","index.html:686"
"01-02-06-003","MATCH-NORMALIZED","","index.html:689"
"01-02-06-004","MATCH-NORMALIZED","","index.html:699"
"01-02-06-005","MATCH-NORMALIZED","","index.html:706"
"01-02-06-006","MATCH-NORMALIZED","","index.html:707"
"01-02-07-001","MATCH-NORMALIZED","","index.html:719"
"01-02-07-002","MATCH-NORMALIZED","","index.html:724"
"01-02-07-003","MATCH-NORMALIZED","","index.html:736-739"
"01-02-07-004","MATCH-NORMALIZED","","index.html:743"
"01-02-07-005","MATCH-NORMALIZED","","index.html:745"
"01-02-07-006","MATCH-NORMALIZED","","index.html:752"
"01-02-07-007","MATCH-NORMALIZED","","index.html:753"
"01-02-07-008","MATCH-NORMALIZED","","index.html:765"
"01-02-07-009","MATCH-NORMALIZED","","index.html:775"
"01-02-07-010","MATCH-NORMALIZED","","index.html:777"
"01-02-07-011","MATCH-NORMALIZED","","index.html:778"
"01-02-07-012","MATCH-NORMALIZED","","index.html:784"
"01-02-07-013","MATCH-EXACT","","index.html:797"
"01-02-07-014","MATCH-NORMALIZED","","index.html:799"
"01-02-07-015","MATCH-NORMALIZED","","script.js:946 (announce() at :954)"
"01-02-07-016","MATCH-NORMALIZED","","script.js:959 (announce() at :965)"
"01-02-07-017","MATCH-NORMALIZED","","script.js:970 (announce() at :971)"
"01-02-07-018","MATCH-NORMALIZED","","script.js:934-937 (mirrored at script.js:1393-1396 as S32_RESTORE_EXPLANATION_OK)"
"01-02-07-019","MATCH-NORMALIZED","","script.js:938-940 (mirrored at script.js:1397-1399 as S32_RESTORE_EXPLANATION_ERR)"
"01-02-08-001","MATCH-NORMALIZED","","index.html:810"
"01-02-08-002","MATCH-NORMALIZED","","index.html:812"
"01-02-08-003","MATCH-NORMALIZED","","index.html:822-826"
"01-02-08-004","MATCH-NORMALIZED","","index.html:829"
"01-02-08-005","MATCH-NORMALIZED","","index.html:832"
"01-02-08-006","MATCH-NORMALIZED","","index.html:836"
"01-02-08-007","MATCH-NORMALIZED","","index.html:840"
"01-02-08-008","MATCH-NORMALIZED","","index.html:844"
"01-02-08-009","MATCH-NORMALIZED","","index.html:852"
"01-02-08-010","MATCH-NORMALIZED","","index.html:853"
"01-02-08-011","MATCH-NORMALIZED","","index.html:865"
"01-02-08-012","MATCH-NORMALIZED","","index.html:875"
"01-02-08-013","MATCH-NORMALIZED","","index.html:877"
"01-02-08-014","MATCH-NORMALIZED","","index.html:878"
"01-02-08-015","MATCH-NORMALIZED","","index.html:884"
"01-02-08-016","MATCH-EXACT","","index.html:897"
"01-02-08-017","MATCH-NORMALIZED","","index.html:899"
"01-02-08-018","MATCH-NORMALIZED","","script.js:1122 (announce() at :1129)"
"01-02-08-019","MATCH-NORMALIZED","","script.js:1131 (announce() at :1136)"
"01-02-08-020","MATCH-NORMALIZED","","script.js:1145 (announce() at :1146)"
"01-02-08-021","MATCH-NORMALIZED","","script.js:1111-1112 (mirrored at script.js:1400-1401 as S33_RESTORE_EXPLANATION)"
"01-02-99-001","MATCH-NORMALIZED","","index.html:6"
"01-02-99-002","MATCH-NORMALIZED","","index.html:11"
"01-02-99-003","SKIP","consolidated multi-location (reused string) — spot-checked manually, not auto-verified","index.html:16 (aria-label + title), index.html:21 (visible span)"
"01-02-99-004","MATCH-NORMALIZED","","index.html:916"
"01-02-99-005","MATCH-NORMALIZED","","index.html:917"
"01-02-99-006","MATCH-NORMALIZED","","index.html:918"
"01-02-99-007","MATCH-NORMALIZED","","index.html:921"
"01-02-99-008","MATCH-NORMALIZED","","index.html:924"
"01-02-99-009","MATCH-NORMALIZED","","index.html:927"
"01-02-99-010","MATCH-NORMALIZED","","index.html:928"
"01-02-99-011","MATCH-NORMALIZED","","index.html:929"
"01-02-99-012","MATCH-NORMALIZED","","index.html:933"
"01-02-99-013","MATCH-NORMALIZED","","index.html:937"
"01-02-99-014","MATCH-NORMALIZED","","index.html:938"
"01-02-99-015","MATCH-NORMALIZED","","index.html:943"
"01-02-99-016","MATCH-NORMALIZED","","index.html:944"
"01-02-99-017","MATCH-NORMALIZED","","index.html:959"
"01-02-99-018","MATCH-NORMALIZED","","index.html:960"
"01-02-99-019","MATCH-NORMALIZED","","index.html:962"
"01-02-99-020","MATCH-NORMALIZED","","index.html:974"
"01-02-99-021","MATCH-NORMALIZED","","index.html:975"
"01-02-99-022","MATCH-NORMALIZED","","index.html:977"
"01-02-99-023","MATCH-NORMALIZED","","index.html:978"
"01-02-99-024","MATCH-NORMALIZED","","index.html:986"
"01-02-99-025","SKIP","consolidated multi-location (reused string) — spot-checked manually, not auto-verified","index.html:987 (identical on all 7 zoom modals: 987,1001,1015,1029,1043,1057,1071)"
"01-02-99-026","MATCH-NORMALIZED","","index.html:993"
"01-02-99-027","MATCH-NORMALIZED","","index.html:1000"
"01-02-99-028","MATCH-NORMALIZED","","index.html:1007"
"01-02-99-029","MATCH-NORMALIZED","","index.html:1014"
"01-02-99-030","MATCH-NORMALIZED","","index.html:1021"
"01-02-99-031","MATCH-NORMALIZED","","index.html:1028"
"01-02-99-032","MATCH-NORMALIZED","","index.html:1035"
"01-02-99-033","MATCH-NORMALIZED","","index.html:1042"
"01-02-99-034","MATCH-NORMALIZED","","index.html:1049"
"01-02-99-035","MATCH-NORMALIZED","","index.html:1056"
"01-02-99-036","MATCH-NORMALIZED","","index.html:1063"
"01-02-99-037","MATCH-NORMALIZED","","index.html:1070"
"01-02-99-038","MATCH-NORMALIZED","","index.html:1077"
"01-02-99-039","SKIP","consolidated multi-location (reused string) — spot-checked manually, not auto-verified","script.js:94 (identical open/close pair reused at 384/392, 463/471, 592/601, 739/747, 901/909, 1039/1047 — 7 hint widgets total)"
"01-02-99-040","MATCH-NORMALIZED","","script.js:101 (paired with each open above)"
"01-03-00-001","MATCH-NORMALIZED","","index.html:27"
"01-03-00-002","MATCH-NORMALIZED","","index.html:28"
"01-03-00-003","MATCH-NORMALIZED","","index.html:29"
"01-03-00-004","MATCH-NORMALIZED","","index.html:32"
"01-03-00-005","MATCH-NORMALIZED","","index.html:42"
"01-03-00-006","MATCH-NORMALIZED","","index.html:49"
"01-03-00-007","MATCH-NORMALIZED","","index.html:50"
"01-03-01-001","MATCH-NORMALIZED","","index.html:60"
"01-03-01-002","MATCH-NORMALIZED","","index.html:62"
"01-03-01-003","MATCH-NORMALIZED","","index.html:63"
"01-03-01-004","MATCH-NORMALIZED","","index.html:65"
"01-03-01-005","MATCH-NORMALIZED","","index.html:66"
"01-03-01-006","MATCH-NORMALIZED","","index.html:67"
"01-03-01-007","MATCH-NORMALIZED","","index.html:68"
"01-03-01-008","MATCH-NORMALIZED","","index.html:69"
"01-03-01-009","MATCH-NORMALIZED","","index.html:76"
"01-03-01-010","MATCH-NORMALIZED","","index.html:77"
"01-03-01-011","MATCH-NORMALIZED","","index.html:84"
"01-03-01-012","MATCH-NORMALIZED","","index.html:85"
"01-03-01-013","MATCH-NORMALIZED","","index.html:90"
"01-03-01-014","MATCH-NORMALIZED","","index.html:91"
"01-03-02-001","MATCH-NORMALIZED","","index.html:101"
"01-03-02-002","MATCH-NORMALIZED","","index.html:103"
"01-03-02-003","MATCH-NORMALIZED","","index.html:105"
"01-03-02-004","MATCH-NORMALIZED","","index.html:114"
"01-03-02-005","MATCH-NORMALIZED","","index.html:115"
"01-03-02-006","MATCH-NORMALIZED","","index.html:120"
"01-03-02-007","MATCH-NORMALIZED","","index.html:121"
"01-03-99-001","MATCH-NORMALIZED","","index.html:6"
"01-03-99-002","SKIP","consolidated multi-location (reused string) — spot-checked manually, not auto-verified","index.html:15 (aria-label + title attrs), index.html:20 (visible span)"
"01-03-99-003","MATCH-NORMALIZED","","index.html:137"
"01-03-99-004","MATCH-NORMALIZED","","index.html:138"
"01-03-99-005","MATCH-NORMALIZED","","index.html:139"
"01-03-99-006","MATCH-NORMALIZED","","index.html:142"
"01-03-99-007","MATCH-NORMALIZED","","index.html:145"
"01-03-99-008","MATCH-NORMALIZED","","index.html:148"
"01-03-99-009","MATCH-NORMALIZED","","index.html:149"
"01-03-99-010","MATCH-NORMALIZED","","index.html:150"
"01-03-99-011","MATCH-NORMALIZED","","index.html:154"
"01-03-99-012","MATCH-NORMALIZED","","index.html:158"
"01-03-99-013","MATCH-NORMALIZED","","index.html:159"
"01-03-99-014","MATCH-NORMALIZED","","index.html:164"
"01-03-99-015","MATCH-NORMALIZED","","index.html:165"
"01-03-99-016","MATCH-NORMALIZED","","index.html:180"
"01-03-99-017","MATCH-NORMALIZED","","index.html:181"
"01-03-99-018","MATCH-NORMALIZED","","index.html:183"
"01-03-99-019","MATCH-NORMALIZED","","index.html:195"
"01-03-99-020","MATCH-NORMALIZED","","index.html:196"
"01-03-99-021","MATCH-NORMALIZED","","index.html:198"
"01-03-99-022","MATCH-NORMALIZED","","index.html:199"
"01-03-99-023","MATCH-NORMALIZED","","index.html:210"
"01-03-99-024","MATCH-NORMALIZED","","index.html:211"
"01-03-99-025","MATCH-NORMALIZED","","index.html:217"
"01-04-00-001","MATCH-NORMALIZED","","index.html:28"
"01-04-00-002","MATCH-NORMALIZED","","index.html:29"
"01-04-00-003","MATCH-NORMALIZED","","index.html:32"
"01-04-00-004","MATCH-NORMALIZED","","index.html:38"
"01-04-00-005","MATCH-NORMALIZED","","index.html:39"
"01-04-01-001","MATCH-NORMALIZED","","index.html:51"
"01-04-01-002","MATCH-NORMALIZED","","index.html:56"
"01-04-01-003","MATCH-NORMALIZED","","index.html:61"
"01-04-01-004","MATCH-NORMALIZED","","index.html:72-78"
"01-04-01-005","MATCH-NORMALIZED","","index.html:80"
"01-04-01-006","MATCH-NORMALIZED","","index.html:83"
"01-04-01-007","MATCH-NORMALIZED","","index.html:87"
"01-04-01-008","MATCH-NORMALIZED","","index.html:91"
"01-04-01-009","MATCH-NORMALIZED","","index.html:95"
"01-04-01-010","MATCH-NORMALIZED","","index.html:103"
"01-04-01-011","MATCH-NORMALIZED","","index.html:104"
"01-04-01-012","MATCH-NORMALIZED","","index.html:116"
"01-04-01-013","MATCH-NORMALIZED","","index.html:126"
"01-04-01-014","MATCH-NORMALIZED","","index.html:128"
"01-04-01-015","MATCH-NORMALIZED","","index.html:129"
"01-04-01-016","MATCH-NORMALIZED","","index.html:135"
"01-04-01-017","MATCH-EXACT","","index.html:148"
"01-04-01-018","MATCH-NORMALIZED","","index.html:150"
"01-04-01-019","SKIP","consolidated multi-location (reused string) — spot-checked manually, not auto-verified","script.js:314 (also announce() at :315, restore-mirror S37_RESTORE_EXPLANATION header n/a)"
"01-04-01-020","MATCH-NORMALIZED","","script.js:322 (announce() at :323)"
"01-04-01-021","MATCH-NORMALIZED","","script.js:336 (announce() at :337)"
"01-04-01-022","MATCH-NORMALIZED","","script.js:304 (used at both :316 correct and :338 final-wrong; mirrored verbatim at script.js:1350 as S37_RESTORE_EXPLANATION)"
"01-04-01-023","SKIP","consolidated multi-location (reused string) — spot-checked manually, not auto-verified","script.js:650 (identical relabel reused at :697, :807, :828, :1122, :1145, :1453, :1518)"
"01-04-02-001","MATCH-NORMALIZED","","index.html:161"
"01-04-02-002","MATCH-NORMALIZED","","index.html:163"
"01-04-02-003","MATCH-NORMALIZED","","index.html:165"
"01-04-02-004","MATCH-NORMALIZED","","index.html:176-180"
"01-04-02-005","MATCH-NORMALIZED","","index.html:183"
"01-04-02-006","MATCH-NORMALIZED","","index.html:186"
"01-04-02-007","MATCH-NORMALIZED","","index.html:190"
"01-04-02-008","MATCH-NORMALIZED","","index.html:194"
"01-04-02-009","MATCH-NORMALIZED","","index.html:198"
"01-04-02-010","MATCH-NORMALIZED","","index.html:206"
"01-04-02-011","MATCH-NORMALIZED","","index.html:207"
"01-04-02-012","MATCH-NORMALIZED","","index.html:219"
"01-04-02-013","MATCH-NORMALIZED","","index.html:229"
"01-04-02-014","MATCH-NORMALIZED","","index.html:231"
"01-04-02-015","MATCH-NORMALIZED","","index.html:232"
"01-04-02-016","MATCH-NORMALIZED","","index.html:238"
"01-04-02-017","MATCH-EXACT","","index.html:251"
"01-04-02-018","MATCH-NORMALIZED","","index.html:253"
"01-04-02-019","MATCH-NORMALIZED","","script.js:179 (announce() at :180)"
"01-04-02-020","MATCH-NORMALIZED","","script.js:187 (announce() at :188)"
"01-04-02-021","MATCH-NORMALIZED","","script.js:201 (announce() at :202)"
"01-04-02-022","MATCH-NORMALIZED","","script.js:169 (used at :181 and :203; mirrored verbatim at script.js:1351 as S38_RESTORE_EXPLANATION)"
"01-04-03-001","MATCH-NORMALIZED","","index.html:264"
"01-04-03-002","MATCH-NORMALIZED","","index.html:266"
"01-04-03-003","MATCH-NORMALIZED","","index.html:268"
"01-04-03-004","MATCH-NORMALIZED","","index.html:273-276"
"01-04-03-005","MATCH-NORMALIZED","","index.html:287"
"01-04-03-006","MATCH-NORMALIZED","","index.html:288"
"01-04-03-007","MATCH-NORMALIZED","","index.html:289"
"01-04-03-008","SKIP","consolidated multi-location (reused string) — spot-checked manually, not auto-verified","index.html:295, 327 (×2, one per column)"
"01-04-03-009","MATCH-NORMALIZED","","index.html:297"
"01-04-03-010","SKIP","consolidated multi-location (reused string) — spot-checked manually, not auto-verified","index.html:302, 312, 334, 344 (×4)"
"01-04-03-011","SKIP","consolidated multi-location (reused string) — spot-checked manually, not auto-verified","index.html:305, 337 (×2)"
"01-04-03-012","MATCH-NORMALIZED","","index.html:307"
"01-04-03-013","MATCH-NORMALIZED","","index.html:319"
"01-04-03-014","MATCH-NORMALIZED","","index.html:320"
"01-04-03-015","MATCH-NORMALIZED","","index.html:321"
"01-04-03-016","MATCH-NORMALIZED","","index.html:329"
"01-04-03-017","MATCH-NORMALIZED","","index.html:339"
"01-04-03-018","MATCH-NORMALIZED","","index.html:355"
"01-04-03-019","MATCH-NORMALIZED","","index.html:361"
"01-04-03-020","MATCH-NORMALIZED","","index.html:367"
"01-04-03-021","MATCH-NORMALIZED","","index.html:373"
"01-04-03-022","MATCH-NORMALIZED","","index.html:379"
"01-04-03-023","MATCH-NORMALIZED","","index.html:385"
"01-04-03-024","MATCH-NORMALIZED","","index.html:391"
"01-04-03-025","MATCH-NORMALIZED","","index.html:402"
"01-04-03-026","MATCH-NORMALIZED","","index.html:414"
"01-04-03-027","MATCH-NORMALIZED","","index.html:416"
"01-04-03-028","MATCH-NORMALIZED","","index.html:417"
"01-04-03-029","MATCH-NORMALIZED","","index.html:423"
"01-04-03-030","MATCH-EXACT","","index.html:436"
"01-04-03-031","MATCH-NORMALIZED","","index.html:438"
"01-04-03-032","MATCH-NORMALIZED","","script.js:646 (announce() at :647)"
"01-04-03-033","MATCH-NORMALIZED","","script.js:655 (announce() at :656)"
"01-04-03-034","MATCH-NORMALIZED","","script.js:693 (announce() at :694)"
"01-04-03-035","MATCH-NORMALIZED","","script.js:648 (correct branch) and independently re-typed at :695 (wrong branch) — textually identical; mirrored again at script.js:1352 as S39_RESTORE_EXPLANATION"
"01-04-03-036","MATCH-NORMALIZED","","script.js:508"
"01-04-03-037","SKIP","runtime-concatenated value placeholder — the JS source builds this string with a variable/method-call in the middle at runtime, so it can never literally match static source text; manually verified against source in the transcript","script.js:517"
"01-04-03-038","SKIP","runtime-concatenated value placeholder — the JS source builds this string with a variable/method-call in the middle at runtime, so it can never literally match static source text; manually verified against source in the transcript","script.js:534"
"01-04-03-039","SKIP","runtime-concatenated value placeholder — the JS source builds this string with a variable/method-call in the middle at runtime, so it can never literally match static source text; manually verified against source in the transcript","script.js:432"
"01-04-04-001","MATCH-NORMALIZED","","index.html:449"
"01-04-04-002","MATCH-NORMALIZED","","index.html:451"
"01-04-04-003","MATCH-NORMALIZED","","index.html:453"
"01-04-04-004","MATCH-NORMALIZED","","index.html:464-468"
"01-04-04-005","MATCH-NORMALIZED","","index.html:472"
"01-04-04-006","MATCH-NORMALIZED","","index.html:474"
"01-04-04-007","MATCH-NORMALIZED","","index.html:481"
"01-04-04-008","MATCH-NORMALIZED","","index.html:482"
"01-04-04-009","MATCH-NORMALIZED","","index.html:494"
"01-04-04-010","MATCH-NORMALIZED","","index.html:504"
"01-04-04-011","MATCH-NORMALIZED","","index.html:506"
"01-04-04-012","MATCH-NORMALIZED","","index.html:507"
"01-04-04-013","MATCH-NORMALIZED","","index.html:513"
"01-04-04-014","MATCH-EXACT","","index.html:526"
"01-04-04-015","MATCH-NORMALIZED","","index.html:528"
"01-04-04-016","MATCH-NORMALIZED","","script.js:801 (announce() at :802)"
"01-04-04-017","MATCH-NORMALIZED","","script.js:811 (announce() at :812)"
"01-04-04-018","MATCH-NORMALIZED","","script.js:822 (announce() at :823)"
"01-04-04-019","SKIP","consolidated multi-location (reused string) — spot-checked manually, not auto-verified","script.js:803 (correct) / :824 (wrong, near-identical) — mirrored again at script.js:1353 as S40_RESTORE_EXPLANATION"
"01-04-05-001","MATCH-NORMALIZED","","index.html:539"
"01-04-05-002","MATCH-NORMALIZED","","index.html:541"
"01-04-05-003","MATCH-NORMALIZED","","index.html:543"
"01-04-05-004","MATCH-NORMALIZED","","index.html:547"
"01-04-05-005","MATCH-NORMALIZED","","index.html:557-559"
"01-04-05-006","MATCH-NORMALIZED","","index.html:562"
"01-04-05-007","MATCH-NORMALIZED","","index.html:565"
"01-04-05-008","MATCH-NORMALIZED","","index.html:569"
"01-04-05-009","MATCH-NORMALIZED","","index.html:573"
"01-04-05-010","MATCH-NORMALIZED","","index.html:577"
"01-04-05-011","MATCH-NORMALIZED","","index.html:585"
"01-04-05-012","MATCH-NORMALIZED","","index.html:586"
"01-04-05-013","MATCH-NORMALIZED","","index.html:598"
"01-04-05-014","MATCH-NORMALIZED","","index.html:608"
"01-04-05-015","MATCH-NORMALIZED","","index.html:610"
"01-04-05-016","MATCH-NORMALIZED","","index.html:611"
"01-04-05-017","MATCH-NORMALIZED","","index.html:617"
"01-04-05-018","MATCH-EXACT","","index.html:630"
"01-04-05-019","MATCH-NORMALIZED","","index.html:632"
"01-04-05-020","MATCH-NORMALIZED","","script.js:956 (announce() at :957)"
"01-04-05-021","MATCH-NORMALIZED","","script.js:966 (announce() at :967)"
"01-04-05-022","MATCH-NORMALIZED","","script.js:980 (announce() at :981)"
"01-04-05-023","SKIP","consolidated multi-location (reused string) — spot-checked manually, not auto-verified","script.js:958 (correct) / :982 (wrong, identical) — mirrored again at script.js:1354 as S41_RESTORE_EXPLANATION"
"01-04-05-024","SKIP","consolidated multi-location (reused string) — spot-checked manually, not auto-verified","script.js:962 (also :986, :1430)"
"01-04-99-001","MATCH-NORMALIZED","","index.html:6"
"01-04-99-002","MATCH-NORMALIZED","","index.html:11"
"01-04-99-003","SKIP","consolidated multi-location (reused string) — spot-checked manually, not auto-verified","index.html:16 (aria-label + title), index.html:21 (visible span)"
"01-04-99-004","MATCH-NORMALIZED","","index.html:649"
"01-04-99-005","MATCH-NORMALIZED","","index.html:650"
"01-04-99-006","MATCH-NORMALIZED","","index.html:651"
"01-04-99-007","MATCH-NORMALIZED","","index.html:654"
"01-04-99-008","MATCH-NORMALIZED","","index.html:657"
"01-04-99-009","MATCH-NORMALIZED","","index.html:660"
"01-04-99-010","MATCH-NORMALIZED","","index.html:661"
"01-04-99-011","MATCH-NORMALIZED","","index.html:662"
"01-04-99-012","MATCH-NORMALIZED","","index.html:666"
"01-04-99-013","MATCH-NORMALIZED","","index.html:670"
"01-04-99-014","MATCH-NORMALIZED","","index.html:671"
"01-04-99-015","MATCH-NORMALIZED","","index.html:672"
"01-04-99-016","MATCH-NORMALIZED","","index.html:677"
"01-04-99-017","MATCH-NORMALIZED","","index.html:678"
"01-04-99-018","MATCH-NORMALIZED","","index.html:693"
"01-04-99-019","MATCH-NORMALIZED","","index.html:694"
"01-04-99-020","MATCH-NORMALIZED","","index.html:696"
"01-04-99-021","MATCH-NORMALIZED","","index.html:708"
"01-04-99-022","MATCH-NORMALIZED","","index.html:709"
"01-04-99-023","MATCH-NORMALIZED","","index.html:711"
"01-04-99-024","MATCH-NORMALIZED","","index.html:712"
"01-04-99-025","MATCH-NORMALIZED","","index.html:723"
"01-04-99-026","SKIP","consolidated multi-location (reused string) — spot-checked manually, not auto-verified","index.html:724 (identical on all 6 zoom modals: 724,739,754,769,784,799)"
"01-04-99-027","MATCH-NORMALIZED","","index.html:730"
"01-04-99-028","MATCH-NORMALIZED","","index.html:738"
"01-04-99-029","MATCH-NORMALIZED","","index.html:745"
"01-04-99-030","MATCH-NORMALIZED","","index.html:753"
"01-04-99-031","MATCH-NORMALIZED","","index.html:760"
"01-04-99-032","MATCH-NORMALIZED","","index.html:768"
"01-04-99-033","MATCH-NORMALIZED","","index.html:775"
"01-04-99-034","MATCH-NORMALIZED","","index.html:783"
"01-04-99-035","MATCH-NORMALIZED","","index.html:790"
"01-04-99-036","MATCH-NORMALIZED","","index.html:798"
"01-04-99-037","MATCH-NORMALIZED","","index.html:805"
"01-04-99-038","SKIP","consolidated multi-location (reused string) — spot-checked manually, not auto-verified","script.js:1115 (announce()-style, correct branch, also :1116)"
"01-04-99-039","SKIP","dead/unreachable code block — line ranges approximate per agent report","script.js:1126"
"01-04-99-040","SKIP","dead/unreachable code block — line ranges approximate per agent report","script.js:1138"
"01-04-99-041","SKIP","dead/unreachable code block — line ranges approximate per agent report","script.js:1117, 1140"
"01-05-00-001","MATCH-NORMALIZED","","index.html:29"
"01-05-00-002","MATCH-NORMALIZED","","index.html:30"
"01-05-00-003","MATCH-NORMALIZED","","index.html:31"
"01-05-00-004","MATCH-NORMALIZED","","index.html:32"
"01-05-00-005","MATCH-NORMALIZED","","index.html:34"
"01-05-00-006","MATCH-NORMALIZED","","index.html:39"
"01-05-00-007","MATCH-NORMALIZED","","index.html:40"
"01-05-01-001","MATCH-NORMALIZED","","index.html:49"
"01-05-01-002","MATCH-NORMALIZED","","index.html:54"
"01-05-01-003","MATCH-NORMALIZED","","index.html:55"
"01-05-01-004","MATCH-NORMALIZED","","index.html:61"
"01-05-01-005","MATCH-NORMALIZED","","index.html:62"
"01-05-02-001","SKIP","tooltip-embedded widget markup interrupts substring adjacency in the raw file — manually verified against source instead","index.html:78-79"
"01-05-02-002","MATCH-NORMALIZED","","index.html:79 (trigger word)"
"01-05-02-003","MATCH-NORMALIZED","","index.html:79"
"01-05-02-004","MATCH-NORMALIZED","","index.html:79 (#s45-help-tooltip)"
"01-05-02-005","MATCH-NORMALIZED","","index.html:86"
"01-05-02-006","MATCH-NORMALIZED","","index.html:87"
"01-05-02-007","MATCH-NORMALIZED","","index.html:94"
"01-05-02-008","MATCH-NORMALIZED","","index.html:95"
"01-05-02-009","MATCH-NORMALIZED","","index.html:107"
"01-05-02-010","MATCH-NORMALIZED","","index.html:117"
"01-05-02-011","MATCH-NORMALIZED","","index.html:119"
"01-05-02-012","MATCH-NORMALIZED","","index.html:120"
"01-05-02-013","MATCH-NORMALIZED","","index.html:126"
"01-05-02-014","MATCH-EXACT","","index.html:139"
"01-05-02-015","MATCH-NORMALIZED","","index.html:141"
"01-05-02-016","MATCH-NORMALIZED","","script.js:107 (announce() at :108)"
"01-05-02-017","MATCH-NORMALIZED","","script.js:117 (announce() at :118)"
"01-05-02-018","MATCH-NORMALIZED","","script.js:127 (announce() at :128)"
"01-05-02-019","SKIP","consolidated multi-location (reused string) — spot-checked manually, not auto-verified","script.js:109 (correct branch) / :129 (final-wrong branch, textually identical) — mirrored again at script.js:772 as S45_RESTORE_EXPLANATION"
"01-05-02-020","SKIP","consolidated multi-location (reused string) — spot-checked manually, not auto-verified","script.js:113 (identical relabel reused at :256, :408, :537, and restore-mirrors :796, :842, :887)"
"01-05-03-001","MATCH-NORMALIZED","","index.html:151"
"01-05-03-002","MATCH-NORMALIZED","","index.html:156"
"01-05-03-003","MATCH-NORMALIZED","","index.html:162"
"01-05-03-004","MATCH-NORMALIZED","","index.html:163"
"01-05-04-001","MATCH-NORMALIZED","","index.html:179-183"
"01-05-04-002","MATCH-NORMALIZED","","index.html:187"
"01-05-04-003","MATCH-NORMALIZED","","index.html:191"
"01-05-04-004","MATCH-NORMALIZED","","index.html:197"
"01-05-04-005","MATCH-NORMALIZED","","index.html:203"
"01-05-04-006","MATCH-NORMALIZED","","index.html:209"
"01-05-04-007","MATCH-NORMALIZED","","index.html:217"
"01-05-04-008","MATCH-NORMALIZED","","index.html:218"
"01-05-04-009","MATCH-NORMALIZED","","index.html:230"
"01-05-04-010","MATCH-NORMALIZED","","index.html:240"
"01-05-04-011","MATCH-NORMALIZED","","index.html:242"
"01-05-04-012","MATCH-NORMALIZED","","index.html:243"
"01-05-04-013","MATCH-NORMALIZED","","index.html:249"
"01-05-04-014","MATCH-EXACT","","index.html:262"
"01-05-04-015","MATCH-NORMALIZED","","index.html:264"
"01-05-04-016","MATCH-NORMALIZED","","script.js:250 (announce() at :251)"
"01-05-04-017","MATCH-NORMALIZED","","script.js:260 (announce() at :261)"
"01-05-04-018","MATCH-NORMALIZED","","script.js:281 (announce() at :282)"
"01-05-04-019","SKIP","consolidated multi-location (reused string) — spot-checked manually, not auto-verified","script.js:252 (correct) / :283 (wrong, identical) — mirrored again at script.js:773 as S47_RESTORE_EXPLANATION"
"01-05-05-001","MATCH-NORMALIZED","","index.html:274"
"01-05-05-002","MATCH-NORMALIZED","","index.html:279"
"01-05-05-003","MATCH-NORMALIZED","","index.html:280"
"01-05-05-004","MATCH-NORMALIZED","","index.html:286"
"01-05-05-005","MATCH-NORMALIZED","","index.html:287"
"01-05-06-001","MATCH-NORMALIZED","","index.html:302-306"
"01-05-06-002","MATCH-NORMALIZED","","index.html:309"
"01-05-06-003","MATCH-NORMALIZED","","index.html:312"
"01-05-06-004","MATCH-NORMALIZED","","index.html:316"
"01-05-06-005","MATCH-NORMALIZED","","index.html:320"
"01-05-06-006","MATCH-NORMALIZED","","index.html:330"
"01-05-06-007","MATCH-NORMALIZED","","index.html:332"
"01-05-06-008","MATCH-NORMALIZED","","index.html:334"
"01-05-06-009","MATCH-NORMALIZED","","index.html:346"
"01-05-06-010","MATCH-NORMALIZED","","index.html:356"
"01-05-06-011","MATCH-NORMALIZED","","index.html:358"
"01-05-06-012","MATCH-NORMALIZED","","index.html:359"
"01-05-06-013","MATCH-NORMALIZED","","index.html:365"
"01-05-06-014","MATCH-EXACT","","index.html:378"
"01-05-06-015","MATCH-NORMALIZED","","index.html:380"
"01-05-06-016","MATCH-NORMALIZED","","script.js:402 (announce() at :403)"
"01-05-06-017","MATCH-NORMALIZED","","script.js:412 (announce() at :413)"
"01-05-06-018","MATCH-NORMALIZED","","script.js:426 (announce() at :427)"
"01-05-06-019","SKIP","consolidated multi-location (reused string) — spot-checked manually, not auto-verified","script.js:404; mirrored at script.js:774 as S49_RESTORE_EXPLANATION (matches this form, without the extra trailing ZWSPs of the wrong-branch variant below)"
"01-05-06-020","MATCH-NORMALIZED","","script.js:428"
"01-05-06-021","MATCH-NORMALIZED","","script.js:408"
"01-05-07-001","MATCH-NORMALIZED","","index.html:390"
"01-05-07-002","MATCH-NORMALIZED","","index.html:395"
"01-05-07-003","MATCH-NORMALIZED","","index.html:396"
"01-05-07-004","SKIP","tooltip-embedded widget markup interrupts substring adjacency in the raw file — manually verified against source instead","index.html:397"
"01-05-07-005","MATCH-NORMALIZED","","index.html:397 (trigger word)"
"01-05-07-006","MATCH-NORMALIZED","","index.html:397"
"01-05-07-007","MATCH-NORMALIZED","","index.html:397 (#s14-help-tooltip)"
"01-05-07-008","MATCH-NORMALIZED","","index.html:403"
"01-05-07-009","MATCH-NORMALIZED","","index.html:404"
"01-05-08-001","MATCH-NORMALIZED","","index.html:420-424"
"01-05-08-002","MATCH-NORMALIZED","","index.html:427"
"01-05-08-003","MATCH-NORMALIZED","","index.html:430"
"01-05-08-004","MATCH-NORMALIZED","","index.html:434"
"01-05-08-005","MATCH-NORMALIZED","","index.html:438"
"01-05-08-006","MATCH-NORMALIZED","","index.html:442"
"01-05-08-007","MATCH-NORMALIZED","","index.html:450"
"01-05-08-008","MATCH-NORMALIZED","","index.html:451"
"01-05-08-009","MATCH-NORMALIZED","","index.html:463"
"01-05-08-010","MATCH-NORMALIZED","","index.html:473"
"01-05-08-011","MATCH-NORMALIZED","","index.html:475"
"01-05-08-012","MATCH-NORMALIZED","","index.html:476"
"01-05-08-013","MATCH-NORMALIZED","","index.html:482"
"01-05-08-014","MATCH-EXACT","","index.html:495"
"01-05-08-015","MATCH-NORMALIZED","","index.html:497"
"01-05-08-016","MATCH-NORMALIZED","","script.js:531 (announce() at :532)"
"01-05-08-017","MATCH-NORMALIZED","","script.js:541 (announce() at :542)"
"01-05-08-018","MATCH-NORMALIZED","","script.js:555 (announce() at :556)"
"01-05-08-019","MATCH-NORMALIZED","","script.js:533; mirrored at script.js:775 as S51_RESTORE_EXPLANATION (matches this ""ולכן ​2"" spaced form)"
"01-05-08-020","MATCH-NORMALIZED","","script.js:557"
"01-05-09-001","MATCH-NORMALIZED","","index.html:507"
"01-05-09-002","MATCH-NORMALIZED","","index.html:512"
"01-05-09-003","MATCH-NORMALIZED","","index.html:513"
"01-05-09-004","MATCH-NORMALIZED","","index.html:514"
"01-05-09-005","MATCH-NORMALIZED","","index.html:520"
"01-05-09-006","MATCH-NORMALIZED","","index.html:521"
"01-05-10-001","MATCH-NORMALIZED","","index.html:532"
"01-05-10-002","MATCH-NORMALIZED","","index.html:533"
"01-05-10-003","MATCH-NORMALIZED","","index.html:542"
"01-05-10-004","MATCH-NORMALIZED","","index.html:543"
"01-05-99-001","MATCH-NORMALIZED","","index.html:6"
"01-05-99-002","MATCH-NORMALIZED","","index.html:11"
"01-05-99-003","SKIP","consolidated multi-location (reused string) — spot-checked manually, not auto-verified","index.html:16 (aria-label + title), index.html:21 (visible span)"
"01-05-99-004","MATCH-NORMALIZED","","index.html:558"
"01-05-99-005","MATCH-NORMALIZED","","index.html:559"
"01-05-99-006","MATCH-NORMALIZED","","index.html:560"
"01-05-99-007","MATCH-NORMALIZED","","index.html:563"
"01-05-99-008","MATCH-NORMALIZED","","index.html:566"
"01-05-99-009","MATCH-NORMALIZED","","index.html:569"
"01-05-99-010","MATCH-NORMALIZED","","index.html:570"
"01-05-99-011","MATCH-NORMALIZED","","index.html:571"
"01-05-99-012","MATCH-NORMALIZED","","index.html:575"
"01-05-99-013","MATCH-NORMALIZED","","index.html:579"
"01-05-99-014","MATCH-NORMALIZED","","index.html:580"
"01-05-99-015","MATCH-NORMALIZED","","index.html:581"
"01-05-99-016","MATCH-NORMALIZED","","index.html:586"
"01-05-99-017","MATCH-NORMALIZED","","index.html:587"
"01-05-99-018","MATCH-NORMALIZED","","index.html:602"
"01-05-99-019","MATCH-NORMALIZED","","index.html:603"
"01-05-99-020","MATCH-NORMALIZED","","index.html:605"
"01-05-99-021","MATCH-NORMALIZED","","index.html:617"
"01-05-99-022","MATCH-NORMALIZED","","index.html:618"
"01-05-99-023","MATCH-NORMALIZED","","index.html:620"
"01-05-99-024","MATCH-NORMALIZED","","index.html:621"
"01-05-99-025","MATCH-NORMALIZED","","index.html:629"
"01-05-99-026","SKIP","consolidated multi-location (reused string) — spot-checked manually, not auto-verified","index.html:630 (identical on all 4 zoom modals: 630,645,660,675)"
"01-05-99-027","MATCH-NORMALIZED","","index.html:636"
"01-05-99-028","MATCH-NORMALIZED","","index.html:644"
"01-05-99-029","MATCH-NORMALIZED","","index.html:651"
"01-05-99-030","MATCH-NORMALIZED","","index.html:659"
"01-05-99-031","MATCH-NORMALIZED","","index.html:666"
"01-05-99-032","MATCH-NORMALIZED","","index.html:674"
"01-05-99-033","MATCH-NORMALIZED","","index.html:681"
